{"colorScheme":{"_":{"mode":"rgb","maxes":{"rgb":[255,255,255,255],"hsb":[360,100,100,1],"hsl":[360,100,100,1]},"_array":[1,1,1,1],"levels":[255,255,255,255]},"A":{"mode":"rgb","maxes":{"rgb":[255,255,255,255],"hsb":[360,100,100,1],"hsl":[360,100,100,1]},"_array":[0.7215686274509804,0.8980392156862745,0.8509803921568627,1],"levels":[184,229,217,255]},"B":{"mode":"rgb","maxes":{"rgb":[255,255,255,255],"hsb":[360,100,100,1],"hsl":[360,100,100,1]},"_array":[0.8431372549019608,0.7019607843137254,0.3764705882352941,1],"levels":[215,179,96,255]},"C":{"mode":"rgb","maxes":{"rgb":[255,255,255,255],"hsb":[360,100,100,1],"hsl":[360,100,100,1]},"_array":[0.06274509803921569,0.30980392156862746,0.5764705882352941,1],"levels":[16,79,147,255]}},"pattern":"-B- -A- -A- A/C -B- -A-\n-A- -B- A/C -C- -A- -B-\n-A- A/C -B- -A- -C- C/A\nA/C -C- -A- -B- C/A -A-\n-B- -A- -C- C/A -B- -A-\n-A- -B- C/A -A- -A- -B-","layout":[[0,1],[3,2]]}